{"volume": 3.1459143968871595, "price_rolling_mean_7": 0.2661306031128405, "price_diff": -0.0010536964980544746, "volume_rolling_mean_7": 3.146477672781175}